{
  "baseUrl": "http://localhost:3001/",
  "chromeWebSecurity": false,
  "integrationFolder": "cypress/integration",
  "ignoreTestFiles": "cypress/integration/examples/*.js",
  "fixturesFolder": "cypress/fixtures",
  "pluginsFile": "cypress/plugins/index.js",
  "screenshotsFolder": "cypress/screenshots",
  "supportFile": "cypress/support/index.js",
  "trashAssetsBeforeRuns": false,
  "videosFolder": "cypress/videos",
  "video": false,
  "viewportWidth": 375,
  "viewportHeight": 677,
  "watchForFileChanges": false
}
